What Is Data Scraping And How Can You Use It?,https://targetinternet.com/resources/what-is-data-scraping-and-how-can-you-use-it,13-Sept-2017
What is data scraping? - YouTube,https://www.youtube.com/watch?v=COeMzrSYgvw,30-Oct-2020
Data Scraping from Websites to Excel | Web Scraper Chorme ...,https://www.youtube.com/watch?v=aClnnoQK9G0,20-Aug-2021
Web Scraping with Python - Beautiful Soup Crash Course,https://www.youtube.com/watch?v=XVv6mJpFOb0,18-Nov-2020
What is Web Scraping and What is it Used For? - YouTube,https://www.youtube.com/watch?v=Ct8Gxo8StBU,27-Sept-2019
WHAT IS DATA SCRAPING AND HOW CAN YOU USE IT?,https://www.linkedin.com/pulse/what-data-scraping-how-can-you-use-daniel-rowles,21-Nov-2017
Web Scraping Using Python | GeeksforGeeks - YouTube,https://www.youtube.com/watch?v=O6nnVHPjcJU,14-Apr-2021
How To Use ChatGPT To Fully Automate Web Scraping,https://www.youtube.com/watch?v=e9oOj5jRHrM,24-Jan-2023
A Beginner's Guide to learn web scraping with python!,https://www.edureka.co/blog/web-scraping-with-python/,14-Mar-2023
Is web scraping legal? - YouTube,https://www.youtube.com/watch?v=pPy3sbeGNjQ,21-Nov-2022
What is Web Scraping and What is it Used For? | ParseHub,https://www.parsehub.com/blog/what-is-web-scraping/,14-Apr-2023
Use Scrapy for Web Scraping in Python - freeCodeCamp,https://www.freecodecamp.org/news/use-scrapy-for-web-scraping-in-python/,27-Apr-2023
Industrial-scale Web Scraping with AI & Proxy Networks,https://www.youtube.com/watch?v=qo_fUjb02ns,24-Apr-2023
What is Data Scraping? #shorts - YouTube,https://www.youtube.com/watch?v=pazspHyE618,28-Oct-2021
Scrapy Course – Python Web Scraping for Beginners - YouTube,https://www.youtube.com/watch?v=mBoX_JCKZTE,27-Apr-2023
Amazon Web Scraping Using Python | Data Analyst Portfolio ...,https://www.youtube.com/watch?v=HiOtQMcI5wg,24-Aug-2021
What is Web Scraping? (And Why Everyone Should Learn It),https://www.youtube.com/watch?v=dlj_QL-ENJM,25-Jan-2022
AWESOME Excel trick to scrape data from web automatically,https://www.youtube.com/watch?v=lFx0MkyBZsg,19-Jul-2022
Web Scraping Tutorial using Python and BeautifulSoup in Hindi,https://www.youtube.com/watch?v=uufDGjTuq34,10-Dec-2019
10 FREE Web Scrapers That You Cannot Miss in 2023,https://www.octoparse.com/blog/9-free-web-scrapers-that-you-cannot-miss,19-Jun-2022
Web Scraper intro tutorial - YouTube,https://www.youtube.com/watch?v=n7fob_XVsbY,25-Jun-2019
How to do Data Scraping in UiPath - Full Tutorial - YouTube,https://www.youtube.com/watch?v=94vxID7MBOM,21-Apr-2022
Implementing Web Scraping in Python with BeautifulSoup,https://www.geeksforgeeks.org/implementing-web-scraping-python-beautiful-soup/,28-Jun-2022
Web Scraping in Power Automate for Desktop (Full Tutorial),https://www.youtube.com/watch?v=WXK0u2yXLrU,25-May-2022
What is Web Scraping? | Practical Uses & Methods - WebHarvy,https://www.webharvy.com/articles/what-is-web-scraping.html,26-Oct-2021
Web Data Extraction Automation - UiPath,https://www.uipath.com/learning/video-tutorials/web-data-extraction-automation,19-Jan-2021
Web Scraping 101: A Million Dollar Project Idea - YouTube,https://www.youtube.com/watch?v=DJnH0jR8y5Q,2 weeks ago
Beginners Guide To Web Scraping with Python - YouTube,https://www.youtube.com/watch?v=QhD015WUMxE,27-Nov-2021
Instant Data Scraper Chorme Extension | Learn Web Scraping,https://www.youtube.com/watch?v=Y5lodOYAURY,17-Aug-2021
Data Mining & Web Scraping Services - Upwork,https://www.upwork.com/services/data-analysis-reports/data-mining-scraping,08-Nov-2020
Data Mining & Web Scraping Services - Upwork,https://www.upwork.com/services/data-analysis-reports/data-mining-scraping,08-Nov-2020
Google Maps Data Scraping by Free Instant Data Scraper ...,https://www.youtube.com/watch?v=iNy4kfyzK-k,26-Aug-2021
Scape Data from Website to Excel using Octoparse Web Scraper,https://www.youtube.com/watch?v=gbuYE7zhPF8,23-May-2022
Data Scraping for Research Purposes - YouTube,https://www.youtube.com/watch?v=_mTGWquOEos,03-Apr-2022
Intro to Web Scraping with Python and Beautiful Soup - YouTube,https://www.youtube.com/watch?v=XQgXKtPSzUI,07-Jan-2017
Web Scraping vs API: What's the Difference? - ParseHub,https://www.parsehub.com/blog/web-scraping-vs-api/,09-Mar-2020
Web Scraping Services - DATAFOREST,https://dataforest.ai/services/data-scraping,11-Nov-2022
Scraping Data from a Real Website | Web Scraping in Python,https://www.youtube.com/watch?v=8dTpNajxaH0,1 week ago
Web Scraping Techniques: How to Scrape Data from the Internet,https://www.parsehub.com/blog/web-scraping-techniques/,16-Mar-2020
Web Scraping Made EASY With Power Automate Desktop,https://www.youtube.com/watch?v=DgBZiBIgh3w,10-Feb-2022
Web Scraping vs Data Mining: What's the Difference?,https://www.parsehub.com/blog/web-scraping-vs-data-mining/,02-Mar-2020
Scrape Website Data into Excel in 3 Easy Ways - Octoparse,https://www.octoparse.com/blog/scraping-data-from-website-to-excel,1 month ago
Web Crawling vs. Web Scraping: The battle for data extraction ...,https://www.youtube.com/watch?v=sdtnQ_qluIo,06-Jul-2021
Scrape Data from Google Maps (in 2023) - YouTube,https://www.youtube.com/watch?v=7_hbCI3HBBE,07-Jan-2023
Automated data scraping from websites into Excel - YouTube,https://www.youtube.com/watch?v=qbOdUaf4yfI,03-Nov-2012
"Is web scraping legal? Yes, if you know the rules. - Apify Blog",https://blog.apify.com/is-web-scraping-legal/,15-Nov-2022
web scraping v.s. screen scraping - Octoparse,https://www.octoparse.com/blog/what-is-data-scraping,08-Aug-2021
Web Scraping Examples: How are Businesses Using Web ...,https://www.parsehub.com/blog/web-scraping-examples/,01-Feb-2022
Top 7 Data Scraping Tools in 2023 | Octoparse,https://www.octoparse.com/blog/best-data-scraping-tools-for-2021,17-Jul-2022
Easy Web Scraping in Power BI - YouTube,https://www.youtube.com/watch?v=RnMrGaiVWtQ,29-May-2018
